{
  "ncf": {
    "ndcg_at_10": 0.4086161741115257,
    "hit_rate_at_10": 1.0,
    "precision_at_10": 0.09999999999999999
  },
  "matrix_factorization": {
    "ndcg_at_10": 0.4335883919176269,
    "hit_rate_at_10": 1.0,
    "precision_at_10": 0.09999999999999999
  },
  "relative_ndcg_lift": -0.05759429512320852,
  "target_ndcg_at_10": 0.76,
  "target_relative_lift": 0.19,
  "api_latency_target_ms": 100,
  "interaction_patterns": {
    "num_interactions": 32.0,
    "num_users": 8.0,
    "num_items": 10.0,
    "ctr": 0.75,
    "avg_session_depth": 2.0
  },
  "ab_test": {
    "baseline_ctr": 0.1192,
    "treatment_ctr": 0.1524,
    "relative_lift": 0.27852348993288595,
    "z_score": 4.845639178553482,
    "p_value": 1.2620470148938523e-06,
    "significant": true
  },
  "local_fixture_note": "Smoke fixture validates the pipeline; target metrics are for full MovieLens-25M/Amazon/Yelp runs."
}
